{
    "prepare_queue": {
        "installed": [],
        "uninstalled": []
    },
    "config_munge": {
        "files": {
            "res/xml/config.xml": {
                "parents": {
                    "/*": [
                        {
                            "xml": "<feature name=\"IntentPlugin\"><param name=\"android-package\" value=\"com.napolitano.cordova.plugin.intent.IntentPlugin\" /></feature>",
                            "count": 1
                        },
                        {
                            "xml": "<feature name=\"Device\"><param name=\"android-package\" value=\"org.apache.cordova.device.Device\" /></feature>",
                            "count": 1
                        },
                        {
                            "xml": "<feature name=\"Whitelist\"><param name=\"android-package\" value=\"org.apache.cordova.whitelist.WhitelistPlugin\" /><param name=\"onload\" value=\"true\" /></feature>",
                            "count": 1
                        }
                    ]
                }
            }
        }
    },
    "installed_plugins": {
        "com.napolitano.cordova.plugin.intent": {
            "PACKAGE_NAME": "org.crowdsensus.newsensus"
        },
        "cordova-custom-config": {
            "PACKAGE_NAME": "org.crowdsensus.newsensus"
        },
        "cordova-plugin-device": {
            "PACKAGE_NAME": "org.crowdsensus.newsensus"
        },
        "cordova-plugin-whitelist": {
            "PACKAGE_NAME": "org.crowdsensus.newsensus"
        }
    },
    "dependent_plugins": {},
    "modules": [
        {
            "id": "com.napolitano.cordova.plugin.intent.IntentPlugin",
            "file": "plugins/com.napolitano.cordova.plugin.intent/www/android/IntentPlugin.js",
            "pluginId": "com.napolitano.cordova.plugin.intent",
            "clobbers": [
                "IntentPlugin"
            ]
        },
        {
            "id": "cordova-plugin-device.device",
            "file": "plugins/cordova-plugin-device/www/device.js",
            "pluginId": "cordova-plugin-device",
            "clobbers": [
                "device"
            ]
        }
    ],
    "plugin_metadata": {
        "com.napolitano.cordova.plugin.intent": "0.1.3",
        "cordova-custom-config": "3.1.4",
        "cordova-plugin-device": "1.1.6",
        "cordova-plugin-whitelist": "1.3.2"
    }
}