{
    "prepare_queue": {
        "installed": [],
        "uninstalled": []
    },
    "config_munge": {
        "files": {
            "config.xml": {
                "parents": {
                    "/*": [
                        {
                            "xml": "<feature name=\"Device\"><param name=\"browser-package\" value=\"Device\" /></feature>",
                            "count": 1
                        }
                    ]
                }
            }
        }
    },
    "installed_plugins": {
        "cordova-plugin-whitelist": {
            "PACKAGE_NAME": "org.crowdsensus.newsensus"
        },
        "cordova-plugin-device": {
            "PACKAGE_NAME": "org.crowdsensus.newsensus"
        },
        "cordova-custom-config": {
            "PACKAGE_NAME": "org.crowdsensus.newsensus"
        },
        "com.napolitano.cordova.plugin.intent": {
            "PACKAGE_NAME": "org.crowdsensus.newsensus"
        }
    },
    "dependent_plugins": {},
    "modules": [
        {
            "file": "plugins/cordova-plugin-device/www/device.js",
            "id": "cordova-plugin-device.device",
            "pluginId": "cordova-plugin-device",
            "clobbers": [
                "device"
            ]
        },
        {
            "file": "plugins/cordova-plugin-device/src/browser/DeviceProxy.js",
            "id": "cordova-plugin-device.DeviceProxy",
            "pluginId": "cordova-plugin-device",
            "runs": true
        }
    ],
    "plugin_metadata": {
        "cordova-plugin-whitelist": "1.3.2",
        "cordova-plugin-device": "1.1.6",
        "cordova-custom-config": "3.1.4",
        "com.napolitano.cordova.plugin.intent": "0.1.3"
    }
}